Workbook

Sheet วิธีใช้
B1: ระบบสูตร & ต้นทุนขนม — คู่มือใช้งาน
B3: ไฟล์นี้คืออะไร | C3: แปลงตารางในสมุดจดสูตร (เค้กกล้วยหอม) เป็น Excel ที่คำนวณให้อัตโนมัติ เปลี่ยนราคาวัตถุดิบครั้งเดียว ต้นทุนทุกขนาดรอบผลิตและราคาขายจะอัปเดตตามทันที
B4: สีที่ใช้ | C4: ช่องพื้นเหลือง = ช่องที่คุณกรอกเอง | ตัวเลขสีดำ = สูตรคำนวณ (อย่าลบ) | ตัวหนังสือสีเขียว = ดึงค่าจากชีตอื่น
B5: 1. ชีต 'วัตถุดิบ' | C5: คลังราคาวัตถุดิบ กรอก ขนาดบรรจุ + ราคาที่ซื้อ แล้วช่อง 'ต้นทุน/หน่วย' จะคิดให้เอง เช่น เนยสด 5,000 กรัม 1,510 บาท = 0.302 บาท/กรัม ★ ของขึ้นราคาให้แก้ที่ชีตนี้ที่เดียว
B6: 2. ชีต 'สูตร_เค้กกล้วยหอม' | C6: ตารางเดียวกับในสมุด กรอกแค่ 'ปริมาณสูตรฐาน (ไข่ 6 ฟอง)' ที่คอลัมน์ D ส่วนคอลัมน์ ×0.5 ถึง ×5 จะคูณปริมาณให้เองทุกช่อง พร้อมต้นทุนรวมและต้นทุนต่อชิ้นของแต่ละรอบ
B7: คอลัมน์ 'คิดต้นทุน' | C7: ใส่ Y = เอาไปรวมเป็นต้นทุน, N = ไม่รวม (ตอนนี้ตั้ง N ไว้ที่ 'กล้วยหอมสุก' และ 'กรดมะนาว' ให้ตรงกับยอดรวม 150.03 บาท ในสมุด ถ้าอยากคิดกล้วยด้วยก็เปลี่ยนเป็น Y)
B8: 3. ชีต 'ตั้งราคาขาย' | C8: บวกค่าบรรจุภัณฑ์ ค่าแรง ค่าแก๊ส/ไฟ เข้าไป แล้วดูกำไรต่อชิ้น % กำไร และราคาแนะนำที่บวกกำไรระดับต่าง ๆ
B9: 4. ชีต 'แบบฟอร์มสูตรใหม่' | C9: อยากเพิ่มขนมตัวอื่น (บราวนี่ คุกกี้ ฯลฯ) ให้คลิกขวาที่แท็บนี้ > Move or Copy > ติ๊ก Create a copy แล้วเปลี่ยนชื่อแท็บ จากนั้นเลือกวัตถุดิบจากช่องดรอปดาวน์ได้เลย
B10: เพิ่มวัตถุดิบใหม่ | C10: พิมพ์ต่อในชีต 'วัตถุดิบ' แถวว่าง (ถึงแถว 33) ชื่อใหม่จะโผล่ในดรอปดาวน์ของทุกสูตรทันที
B11: หมายเหตุจากสมุด | C11: บรรทัดล่างตาราง: “เค้กกล้วยหอม ต้นทุนดิบ 4 ชิ้น 40.- ต้นทุน 24 บาท 6 บาทต่อชิ้น” → ตั้งค่าเริ่มต้นในไฟล์เป็น 25 ชิ้น/สูตรฐาน (ได้ต้นทุน ≈ 6 บาท/ชิ้น) และราคาขาย 10 บาท/ชิ้น (4 ชิ้น 40 บาท) ถ้าจำนวนชิ้นจริงไม่ใช่ 25 ให้แก้ที่ช่องเหลืองในชีตสูตร
B12: ตัวเลขที่ควรตรวจ | C12: 1) ชื่อวัตถุดิบแถวที่ 2 ในสมุดอ่านไม่ชัด ใส่ไว้ว่า 'แป้งข้าว' (36 บาท/กก.) 2) 'กรดมะนาว' ในสมุดไม่ได้เขียนราคาไว้

Sheet วัตถุดิบ
A1: ราคาวัตถุดิบ (แก้ราคาที่ชีตนี้ที่เดียว — ทุกสูตรอัปเดตตาม)
A2: ช่องพื้นเหลือง = กรอกเอง | คอลัมน์ E คำนวณอัตโนมัติ = ราคาที่ซื้อ ÷ ขนาดบรรจุ
A3: ชื่อวัตถุดิบ | B3: หน่วยที่ใช้ในสูตร | C3: ขนาดบรรจุที่ซื้อ (ตามหน่วยในสูตร) | D3: ราคาที่ซื้อ (บาท) | E3: ต้นทุนต่อหน่วย (บาท) | F3: หมายเหตุ
A4: แป้งเค้ก | B4: กรัม | C4: 1000 | D4: 33 | E4: =IF(OR($A4="",$C4=0),"",$D4/$C4) | F4: 33 บาท/กก.
A5: แป้งข้าว | B5: กรัม | C5: 1000 | D5: 36 | E5: =IF(OR($A5="",$C5=0),"",$D5/$C5) | F5: 36 บาท/กก. (ชื่อในสมุดอ่านไม่ชัด โปรดตรวจสอบ)
A6: น้ำตาลทราย | B6: กรัม | C6: 1000 | D6: 27 | E6: =IF(OR($A6="",$C6=0),"",$D6/$C6) | F6: 27 บาท/กก.
A7: กรดมะนาว | B7: กรัม | C7: 1000 | D7: 0 | E7: =IF(OR($A7="",$C7=0),"",$D7/$C7) | F7: ในสมุดไม่ได้ระบุราคา — ใส่ราคาแล้วเปลี่ยนเป็น Y ได้
A8: ไข่ไก่ | B8: ฟอง | C8: 1 | D8: 5 | E8: =IF(OR($A8="",$C8=0),"",$D8/$C8) | F8: 5 บาท/ฟอง
A9: น้ำมันรำข้าว | B9: กรัม | C9: 5000 | D9: 345 | E9: =IF(OR($A9="",$C9=0),"",$D9/$C9) | F9: 345 บาท/5 กก.
A10: เนยสด | B10: กรัม | C10: 5000 | D10: 1510 | E10: =IF(OR($A10="",$C10=0),"",$D10/$C10) | F10: 1,510 บาท/5 กก.
A11: กล้วยหอมสุก | B11: กรัม | C11: 1000 | D11: 45 | E11: =IF(OR($A11="",$C11=0),"",$D11/$C11) | F11: 45 บาท/กก. — ในสมุดไม่ได้คิดรวมในต้นทุน
A12: ผงฟู | B12: กรัม | C12: 1000 | D12: 129 | E12: =IF(OR($A12="",$C12=0),"",$D12/$C12) | F12: 129 บาท/กก.
A13: เกลือ | B13: กรัม | C13: 1000 | D13: 16 | E13: =IF(OR($A13="",$C13=0),"",$D13/$C13) | F13: 16 บาท/กก.
A14: เบกกิ้งโซดา | B14: กรัม | C14: 1000 | D14: 110 | E14: =IF(OR($A14="",$C14=0),"",$D14/$C14) | F14: 110 บาท/กก.
A15: กลิ่นกล้วย | B15: ครั้ง | C15: 1 | D15: 5 | E15: =IF(OR($A15="",$C15=0),"",$D15/$C15) | F15: คิดเหมา 5 บาท/สูตร
E16: =IF(OR($A16="",$C16=0),"",$D16/$C16)
E17: =IF(OR($A17="",$C17=0),"",$D17/$C17)
E18: =IF(OR($A18="",$C18=0),"",$D18/$C18)
E19: =IF(OR($A19="",$C19=0),"",$D19/$C19)
E20: =IF(OR($A20="",$C20=0),"",$D20/$C20)
E21: =IF(OR($A21="",$C21=0),"",$D21/$C21)
E22: =IF(OR($A22="",$C22=0),"",$D22/$C22)
E23: =IF(OR($A23="",$C23=0),"",$D23/$C23)
E24: =IF(OR($A24="",$C24=0),"",$D24/$C24)
E25: =IF(OR($A25="",$C25=0),"",$D25/$C25)
E26: =IF(OR($A26="",$C26=0),"",$D26/$C26)
E27: =IF(OR($A27="",$C27=0),"",$D27/$C27)
... E33: =IF(OR($A33="",$C33=0),"",$D33/$C33)

Sheet สูตร_เค้กกล้วยหอม
A1: สูตรเค้กกล้วยหอม — ตารางปริมาณและต้นทุนตามขนาดรอบผลิต
A2: กรอกเฉพาะช่องพื้นเหลือง (ปริมาณสูตรฐาน / จำนวนชิ้น / ตัวคูณ) — ช่องอื่นเป็นสูตรคำนวณ
A3: จำนวนชิ้นที่ได้ต่อสูตรฐาน (ชิ้น) | C3: 25
A4: ต้นทุนวัตถุดิบต่อสูตรฐาน (บาท) | C4: =$G$21
A5: ต้นทุนวัตถุดิบต่อชิ้น (บาท) | C5: =IFERROR($C$4/$C$3,0)
G7: ตัวคูณรอบผลิต → | H7: 0.5 | I7: 1 | J7: 1.5 | K7: 2 | L7: 2.5 | M7: 3 | N7: 3.5 | O7: 4 | P7: 5
A8: ลำดับ | B8: วัตถุดิบ | C8: หน่วย | D8: ปริมาณสูตรฐาน (ไข่ 6 ฟอง) | E8: ต้นทุน/หน่วย (บาท) | F8: คิด ต้นทุน | G8: ต้นทุนสูตรฐาน (บาท) | H8: ="x"&H$7&CHAR(10)&"(ไข่ "&ROUND($D$13*H$7,0)&" ฟอง)" | I8: ="x"&I$7&CHAR(10)&"(ไข่ "&ROUND($D$13*I$7,0)&" ฟอง)" | J8: ="x"&J$7&CHAR(10)&"(ไข่ "&ROUND($D$13*J$7,0)&" ฟอง)" | K8: ="x"&K$7&CHAR(10)&"(ไข่ "&ROUND($D$13*K$7,0)&" ฟอง)" | L8: ="x"&L$7&CHAR(10)&"(ไข่ "&ROUND($D$13*L$7,0)&" ฟอง)" | M8: ="x"&M$7&CHAR(10)&"(ไข่ "&ROUND($D$13*M$7,0)&" ฟอง)" | N8: ="x"&N$7&CHAR(10)&"(ไข่ "&ROUND($D$13*N$7,0)&" ฟอง)" | O8: ="x"&O$7&CHAR(10)&"(ไข่ "&ROUND($D$13*O$7,0)&" ฟอง)" | P8: ="x"&P$7&CHAR(10)&"(ไข่ "&ROUND($D$13*P$7,0)&" ฟอง)"
A9: 1 | B9: แป้งเค้ก | C9: =IFERROR(INDEX('วัตถุดิบ'!$B$4:$B$33,MATCH($B9,'วัตถุดิบ'!$A$4:$A$33,0)),"") | D9: 274 | E9: =IFERROR(INDEX('วัตถุดิบ'!$E$4:$E$33,MATCH($B9,'วัตถุดิบ'!$A$4:$A$33,0)),0) | F9: Y | G9: =IF($F9="Y",$D9*$E9,0) | H9: =ROUND($D9*H$7,1) | I9: =ROUND($D9*I$7,1) | J9: =ROUND($D9*J$7,1) | K9: =ROUND($D9*K$7,1) | L9: =ROUND($D9*L$7,1) | M9: =ROUND($D9*M$7,1) | N9: =ROUND($D9*N$7,1) | O9: =ROUND($D9*O$7,1) | P9: =ROUND($D9*P$7,1)
A10: 2 | B10: แป้งข้าว | C10: =IFERROR(INDEX('วัตถุดิบ'!$B$4:$B$33,MATCH($B10,'วัตถุดิบ'!$A$4:$A$33,0)),"") | D10: 274 | E10: =IFERROR(INDEX('วัตถุดิบ'!$E$4:$E$33,MATCH($B10,'วัตถุดิบ'!$A$4:$A$33,0)),0) | F10: Y | G10: =IF($F10="Y",$D10*$E10,0) | H10: =ROUND($D10*H$7,1) | I10: =ROUND($D10*I$7,1) | J10: =ROUND($D10*J$7,1) | K10: =ROUND($D10*K$7,1) | L10: =ROUND($D10*L$7,1) | M10: =ROUND($D10*M$7,1) | N10: =ROUND($D10*N$7,1) | O10: =ROUND($D10*O$7,1) | P10: =ROUND($D10*P$7,1)
A11: 3 | B11: น้ำตาลทราย | C11: =IFERROR(INDEX('วัตถุดิบ'!$B$4:$B$33,MATCH($B11,'วัตถุดิบ'!$A$4:$A$33,0)),"") | D11: 330 | E11: =IFERROR(INDEX('วัตถุดิบ'!$E$4:$E$33,MATCH($B11,'วัตถุดิบ'!$A$4:$A$33,0)),0) | F11: Y | G11: =IF($F11="Y",$D11*$E11,0) | H11: =ROUND($D11*H$7,1) | I11: =ROUND($D11*I$7,1) | J11: =ROUND($D11*J$7,1) | K11: =ROUND($D11*K$7,1) | L11: =ROUND($D11*L$7,1) | M11: =ROUND($D11*M$7,1) | N11: =ROUND($D11*N$7,1) | O11: =ROUND($D11*O$7,1) | P11: =ROUND($D11*P$7,1)
A12: 4 | B12: กรดมะนาว | C12: =IFERROR(INDEX('วัตถุดิบ'!$B$4:$B$33,MATCH($B12,'วัตถุดิบ'!$A$4:$A$33,0)),"") | D12: 7 | E12: =IFERROR(INDEX('วัตถุดิบ'!$E$4:$E$33,MATCH($B12,'วัตถุดิบ'!$A$4:$A$33,0)),0) | F12: N | G12: =IF($F12="Y",$D12*$E12,0) | H12: =ROUND($D12*H$7,1) | I12: =ROUND($D12*I$7,1) | J12: =ROUND($D12*J$7,1) | K12: =ROUND($D12*K$7,1) | L12: =ROUND($D12*L$7,1) | M12: =ROUND($D12*M$7,1) | N12: =ROUND($D12*N$7,1) | O12: =ROUND($D12*O$7,1) | P12: =ROUND($D12*P$7,1)
A13: 5 | B13: ไข่ไก่ | C13: =IFERROR(INDEX('วัตถุดิบ'!$B$4:$B$33,MATCH($B13,'วัตถุดิบ'!$A$4:$A$33,0)),"") | D13: 6 | E13: =IFERROR(INDEX('วัตถุดิบ'!$E$4:$E$33,MATCH($B13,'วัตถุดิบ'!$A$4:$A$33,0)),0) | F13: Y | G13: =IF($F13="Y",$D13*$E13,0) | H13: =ROUND($D13*H$7,1) | I13: =ROUND($D13*I$7,1) | J13: =ROUND($D13*J$7,1) | K13: =ROUND($D13*K$7,1) | L13: =ROUND($D13*L$7,1) | M13: =ROUND($D13*M$7,1) | N13: =ROUND($D13*N$7,1) | O13: =ROUND($D13*O$7,1) | P13: =ROUND($D13*P$7,1)
A14: 6 | B14: น้ำมันรำข้าว | C14: =IFERROR(INDEX('วัตถุดิบ'!$B$4:$B$33,MATCH($B14,'วัตถุดิบ'!$A$4:$A$33,0)),"") | D14: 382 | E14: =IFERROR(INDEX('วัตถุดิบ'!$E$4:$E$33,MATCH($B14,'วัตถุดิบ'!$A$4:$A$33,0)),0) | F14: Y | G14: =IF($F14="Y",$D14*$E14,0) | H14: =ROUND($D14*H$7,1) | I14: =ROUND($D14*I$7,1) | J14: =ROUND($D14*J$7,1) | K14: =ROUND($D14*K$7,1) | L14: =ROUND($D14*L$7,1) | M14: =ROUND($D14*M$7,1) | N14: =ROUND($D14*N$7,1) | O14: =ROUND($D14*O$7,1) | P14: =ROUND($D14*P$7,1)
A15: 7 | B15: เนยสด | C15: =IFERROR(INDEX('วัตถุดิบ'!$B$4:$B$33,MATCH($B15,'วัตถุดิบ'!$A$4:$A$33,0)),"") | D15: 192 | E15: =IFERROR(INDEX('วัตถุดิบ'!$E$4:$E$33,MATCH($B15,'วัตถุดิบ'!$A$4:$A$33,0)),0) | F15: Y | G15: =IF($F15="Y",$D15*$E15,0) | H15: =ROUND($D15*H$7,1) | I15: =ROUND($D15*I$7,1) | J15: =ROUND($D15*J$7,1) | K15: =ROUND($D15*K$7,1) | L15: =ROUND($D15*L$7,1) | M15: =ROUND($D15*M$7,1) | N15: =ROUND($D15*N$7,1) | O15: =ROUND($D15*O$7,1) | P15: =ROUND($D15*P$7,1)
A16: 8 | B16: กล้วยหอมสุก | C16: =IFERROR(INDEX('วัตถุดิบ'!$B$4:$B$33,MATCH($B16,'วัตถุดิบ'!$A$4:$A$33,0)),"") | D16: 646 | E16: =IFERROR(INDEX('วัตถุดิบ'!$E$4:$E$33,MATCH($B16,'วัตถุดิบ'!$A$4:$A$33,0)),0) | F16: N | G16: =IF($F16="Y",$D16*$E16,0) | H16: =ROUND($D16*H$7,1) | I16: =ROUND($D16*I$7,1) | J16: =ROUND($D16*J$7,1) | K16: =ROUND($D16*K$7,1) | L16: =ROUND($D16*L$7,1) | M16: =ROUND($D16*M$7,1) | N16: =ROUND($D16*N$7,1) | O16: =ROUND($D16*O$7,1) | P16: =ROUND($D16*P$7,1)
A17: 9 | B17: ผงฟู | C17: =IFERROR(INDEX('วัตถุดิบ'!$B$4:$B$33,MATCH($B17,'วัตถุดิบ'!$A$4:$A$33,0)),"") | D17: 15 | E17: =IFERROR(INDEX('วัตถุดิบ'!$E$4:$E$33,MATCH($B17,'วัตถุดิบ'!$A$4:$A$33,0)),0) | F17: Y | G17: =IF($F17="Y",$D17*$E17,0) | H17: =ROUND($D17*H$7,1) | I17: =ROUND($D17*I$7,1) | J17: =ROUND($D17*J$7,1) | K17: =ROUND($D17*K$7,1) | L17: =ROUND($D17*L$7,1) | M17: =ROUND($D17*M$7,1) | N17: =ROUND($D17*N$7,1) | O17: =ROUND($D17*O$7,1) | P17: =ROUND($D17*P$7,1)
A18: 10 | B18: เกลือ | C18: =IFERROR(INDEX('วัตถุดิบ'!$B$4:$B$33,MATCH($B18,'วัตถุดิบ'!$A$4:$A$33,0)),"") | D18: 4 | E18: =IFERROR(INDEX('วัตถุดิบ'!$E$4:$E$33,MATCH($B18,'วัตถุดิบ'!$A$4:$A$33,0)),0) | F18: Y | G18: =IF($F18="Y",$D18*$E18,0) | H18: =ROUND($D18*H$7,1) | I18: =ROUND($D18*I$7,1) | J18: =ROUND($D18*J$7,1) | K18: =ROUND($D18*K$7,1) | L18: =ROUND($D18*L$7,1) | M18: =ROUND($D18*M$7,1) | N18: =ROUND($D18*N$7,1) | O18: =ROUND($D18*O$7,1) | P18: =ROUND($D18*P$7,1)
A19: 11 | B19: เบกกิ้งโซดา | C19: =IFERROR(INDEX('วัตถุดิบ'!$B$4:$B$33,MATCH($B19,'วัตถุดิบ'!$A$4:$A$33,0)),"") | D19: 8 | E19: =IFERROR(INDEX('วัตถุดิบ'!$E$4:$E$33,MATCH($B19,'วัตถุดิบ'!$A$4:$A$33,0)),0) | F19: Y | G19: =IF($F19="Y",$D19*$E19,0) | H19: =ROUND($D19*H$7,1) | I19: =ROUND($D19*I$7,1) | J19: =ROUND($D19*J$7,1) | K19: =ROUND($D19*K$7,1) | L19: =ROUND($D19*L$7,1) | M19: =ROUND($D19*M$7,1) | N19: =ROUND($D19*N$7,1) | O19: =ROUND($D19*O$7,1) | P19: =ROUND($D19*P$7,1)
A20: 12 | B20: กลิ่นกล้วย | C20: =IFERROR(INDEX('วัตถุดิบ'!$B$4:$B$33,MATCH($B20,'วัตถุดิบ'!$A$4:$A$33,0)),"") | D20: 1 | E20: =IFERROR(INDEX('วัตถุดิบ'!$E$4:$E$33,MATCH($B20,'วัตถุดิบ'!$A$4:$A$33,0)),0) | F20: Y | G20: =IF($F20="Y",$D20*$E20,0) | H20: =ROUND($D20*H$7,1) | I20: =ROUND($D20*I$7,1) | J20: =ROUND($D20*J$7,1) | K20: =ROUND($D20*K$7,1) | L20: =ROUND($D20*L$7,1) | M20: =ROUND($D20*M$7,1) | N20: =ROUND($D20*N$7,1) | O20: =ROUND($D20*O$7,1) | P20: =ROUND($D20*P$7,1)
B21: รวมต้นทุนวัตถุดิบ (บาท) | G21: =SUM(G9:G20) | H21: =SUMPRODUCT(($F$9:$F$20="Y")*$E$9:$E$20*H$9:H$20) | I21: =SUMPRODUCT(($F$9:$F$20="Y")*$E$9:$E$20*I$9:I$20) | J21: =SUMPRODUCT(($F$9:$F$20="Y")*$E$9:$E$20*J$9:J$20) | K21: =SUMPRODUCT(($F$9:$F$20="Y")*$E$9:$E$20*K$9:K$20) | L21: =SUMPRODUCT(($F$9:$F$20="Y")*$E$9:$E$20*L$9:L$20) | M21: =SUMPRODUCT(($F$9:$F$20="Y")*$E$9:$E$20*M$9:M$20) | N21: =SUMPRODUCT(($F$9:$F$20="Y")*$E$9:$E$20*N$9:N$20) | O21: =SUMPRODUCT(($F$9:$F$20="Y")*$E$9:$E$20*O$9:O$20) | P21: =SUMPRODUCT(($F$9:$F$20="Y")*$E$9:$E$20*P$9:P$20)
B22: จำนวนชิ้นที่ได้ (ชิ้น) | G22: =$C$3 | H22: =ROUND($C$3*H$7,0) | I22: =ROUND($C$3*I$7,0) | J22: =ROUND($C$3*J$7,0) | K22: =ROUND($C$3*K$7,0) | L22: =ROUND($C$3*L$7,0) | M22: =ROUND($C$3*M$7,0) | N22: =ROUND($C$3*N$7,0) | O22: =ROUND($C$3*O$7,0) | P22: =ROUND($C$3*P$7,0)
B23: ต้นทุนวัตถุดิบต่อชิ้น (บาท) | G23: =IFERROR(G21/G22,0) | H23: =IFERROR(H21/H22,0) | I23: =IFERROR(I21/I22,0) | J23: =IFERROR(J21/J22,0) | K23: =IFERROR(K21/K22,0) | L23: =IFERROR(L21/L22,0) | M23: =IFERROR(M21/M22,0) | N23: =IFERROR(N21/N22,0) | ... P23: =IFERROR(P21/P22,0)
A25: บันทึกท้ายตารางในสมุด: "เค้กกล้วยหอม ต้นทุนดิบ 4 ชิ้น 40.- ต้นทุน 24 บาท 6 บาทต่อชิ้น" | ยอดรวมสูตรฐานในสมุด = 150.033 บาท (ไม่รวมกล้วยหอมและกรดมะนาว)

Sheet ตั้งราคาขาย
A1: ตั้งราคาขาย & กำไร — เค้กกล้วยหอม (ต่อ 1 สูตรฐาน)
A2: ช่องพื้นเหลือง = กรอกเอง
B4: ต้นทุนวัตถุดิบต่อสูตรฐาน (บาท) | C4: ='สูตร_เค้กกล้วยหอม'!$C$4 | F4: ดึงจากชีตสูตรอัตโนมัติ
B5: จำนวนชิ้นที่ได้ต่อสูตรฐาน (ชิ้น) | C5: ='สูตร_เค้กกล้วยหอม'!$C$3 | F5: ดึงจากชีตสูตรอัตโนมัติ
B6: ค่าบรรจุภัณฑ์ต่อชิ้น (บาท) | C6: 0 | F6: กล่อง/ถุง/สติกเกอร์ ต่อ 1 ชิ้น
B7: ค่าแรง + ค่าแก๊ส/ไฟ ต่อสูตรฐาน (บาท) | C7: 0 | F7: ใส่ 0 ถ้ายังไม่คิดค่าแรงตัวเอง
B8: ต้นทุนรวมต่อสูตรฐาน (บาท) | C8: =$C$4+$C$7+($C$6*$C$5) | F8: วัตถุดิบ + ค่าแรง + (บรรจุภัณฑ์ × จำนวนชิ้น)
B9: ต้นทุนรวมต่อชิ้น (บาท) | C9: =IFERROR($C$8/$C$5,0)
B10: ราคาขายต่อชิ้น (บาท) | C10: 10 | F10: ในสมุดขาย 4 ชิ้น 40 บาท = 10 บาท/ชิ้น
B11: กำไรต่อชิ้น (บาท) | C11: =$C$10-$C$9
B12: % กำไรจากราคาขาย (Margin) | C12: =IFERROR($C$11/$C$10,0) | F12: ขนมอบทั่วไปควรได้ 50–65%
B13: % บวกเพิ่มจากต้นทุน (Markup) | C13: =IFERROR($C$11/$C$9,0)
B14: รายได้ต่อสูตรฐาน ถ้าขายหมด (บาท) | C14: =$C$10*$C$5
B15: กำไรต่อสูตรฐาน ถ้าขายหมด (บาท) | C15: =$C$14-$C$8
B16: ต้องขายกี่ชิ้นถึงคุ้มทุนสูตรนี้ | C16: =IFERROR(ROUNDUP($C$8/$C$10,0),0) | F16: ที่เหลือจากจำนวนนี้คือกำไร
B18: ตารางราคาแนะนำ (คิดจากต้นทุนรวมต่อชิ้น)
B19: บวกกำไรจากต้นทุน | C19: ราคาที่คำนวณได้ (บาท) | D19: ราคาแนะนำ ปัดขึ้น (บาท) | E19: กำไรต่อชิ้น (บาท)
B20: 0.5 | C20: =$C$9*(1+$B20) | D20: =CEILING($C20,1) | E20: =$D20-$C$9
B21: 0.8 | C21: =$C$9*(1+$B21) | D21: =CEILING($C21,1) | E21: =$D21-$C$9
B22: 1 | C22: =$C$9*(1+$B22) | D22: =CEILING($C22,1) | E22: =$D22-$C$9
B23: 1.5 | C23: =$C$9*(1+$B23) | D23: =CEILING($C23,1) | E23: =$D23-$C$9
B24: 2 | C24: =$C$9*(1+$B24) | D24: =CEILING($C24,1) | E24: =$D24-$C$9
B26: * ราคาแนะนำยังไม่รวมค่าขนส่ง ค่าธรรมเนียมแอปเดลิเวอรี (ปกติหัก 30–32%) ถ้าขายผ่านแอปควรตั้งราคาสูงกว่าหน้าร้าน

Sheet แบบฟอร์มสูตรใหม่
A1: แบบฟอร์มสูตรใหม่ — คัดลอกแท็บนี้เพื่อเพิ่มขนมชนิดอื่น
A2: กรอกเฉพาะช่องพื้นเหลือง (ปริมาณสูตรฐาน / จำนวนชิ้น / ตัวคูณ) — ช่องอื่นเป็นสูตรคำนวณ
A3: จำนวนชิ้นที่ได้ต่อสูตรฐาน (ชิ้น) | C3: 20
A4: ต้นทุนวัตถุดิบต่อสูตรฐาน (บาท) | C4: =$G$27
A5: ต้นทุนวัตถุดิบต่อชิ้น (บาท) | C5: =IFERROR($C$4/$C$3,0)
G7: ตัวคูณรอบผลิต → | H7: 0.5 | I7: 1 | J7: 1.5 | K7: 2 | L7: 2.5 | M7: 3 | N7: 3.5 | O7: 4 | P7: 5
A8: ลำดับ | B8: วัตถุดิบ | C8: หน่วย | D8: ปริมาณสูตรฐาน (ไข่ 6 ฟอง) | E8: ต้นทุน/หน่วย (บาท) | F8: คิด ต้นทุน | G8: ต้นทุนสูตรฐาน (บาท) | H8: ="x"&H$7 | I8: ="x"&I$7 | J8: ="x"&J$7 | K8: ="x"&K$7 | L8: ="x"&L$7 | M8: ="x"&M$7 | N8: ="x"&N$7 | O8: ="x"&O$7 | P8: ="x"&P$7
A9: 1 | B9: แป้งเค้ก | C9: =IFERROR(INDEX('วัตถุดิบ'!$B$4:$B$33,MATCH($B9,'วัตถุดิบ'!$A$4:$A$33,0)),"") | D9: 250 | E9: =IFERROR(INDEX('วัตถุดิบ'!$E$4:$E$33,MATCH($B9,'วัตถุดิบ'!$A$4:$A$33,0)),0) | F9: Y | G9: =IF($F9="Y",$D9*$E9,0) | H9: =ROUND($D9*H$7,1) | I9: =ROUND($D9*I$7,1) | J9: =ROUND($D9*J$7,1) | K9: =ROUND($D9*K$7,1) | L9: =ROUND($D9*L$7,1) | M9: =ROUND($D9*M$7,1) | N9: =ROUND($D9*N$7,1) | O9: =ROUND($D9*O$7,1) | P9: =ROUND($D9*P$7,1)
A10: 2 | C10: =IFERROR(INDEX('วัตถุดิบ'!$B$4:$B$33,MATCH($B10,'วัตถุดิบ'!$A$4:$A$33,0)),"") | E10: =IFERROR(INDEX('วัตถุดิบ'!$E$4:$E$33,MATCH($B10,'วัตถุดิบ'!$A$4:$A$33,0)),0) | F10: Y | G10: =IF($F10="Y",$D10*$E10,0) | H10: =ROUND($D10*H$7,1) | I10: =ROUND($D10*I$7,1) | J10: =ROUND($D10*J$7,1) | K10: =ROUND($D10*K$7,1) | L10: =ROUND($D10*L$7,1) | M10: =ROUND($D10*M$7,1) | N10: =ROUND($D10*N$7,1) | O10: =ROUND($D10*O$7,1) | P10: =ROUND($D10*P$7,1)
A11: 3 | C11: =IFERROR(INDEX('วัตถุดิบ'!$B$4:$B$33,MATCH($B11,'วัตถุดิบ'!$A$4:$A$33,0)),"") | E11: =IFERROR(INDEX('วัตถุดิบ'!$E$4:$E$33,MATCH($B11,'วัตถุดิบ'!$A$4:$A$33,0)),0) | F11: Y | G11: =IF($F11="Y",$D11*$E11,0) | H11: =ROUND($D11*H$7,1) | I11: =ROUND($D11*I$7,1) | J11: =ROUND($D11*J$7,1) | K11: =ROUND($D11*K$7,1) | L11: =ROUND($D11*L$7,1) | M11: =ROUND($D11*M$7,1) | N11: =ROUND($D11*N$7,1) | O11: =ROUND($D11*O$7,1) | P11: =ROUND($D11*P$7,1)
A12: 4 | C12: =IFERROR(INDEX('วัตถุดิบ'!$B$4:$B$33,MATCH($B12,'วัตถุดิบ'!$A$4:$A$33,0)),"") | E12: =IFERROR(INDEX('วัตถุดิบ'!$E$4:$E$33,MATCH($B12,'วัตถุดิบ'!$A$4:$A$33,0)),0) | F12: Y | G12: =IF($F12="Y",$D12*$E12,0) | H12: =ROUND($D12*H$7,1) | I12: =ROUND($D12*I$7,1) | J12: =ROUND($D12*J$7,1) | K12: =ROUND($D12*K$7,1) | L12: =ROUND($D12*L$7,1) | M12: =ROUND($D12*M$7,1) | N12: =ROUND($D12*N$7,1) | O12: =ROUND($D12*O$7,1) | P12: =ROUND($D12*P$7,1)
A13: 5 | C13: =IFERROR(INDEX('วัตถุดิบ'!$B$4:$B$33,MATCH($B13,'วัตถุดิบ'!$A$4:$A$33,0)),"") | E13: =IFERROR(INDEX('วัตถุดิบ'!$E$4:$E$33,MATCH($B13,'วัตถุดิบ'!$A$4:$A$33,0)),0) | F13: Y | G13: =IF($F13="Y",$D13*$E13,0) | H13: =ROUND($D13*H$7,1) | I13: =ROUND($D13*I$7,1) | J13: =ROUND($D13*J$7,1) | K13: =ROUND($D13*K$7,1) | L13: =ROUND($D13*L$7,1) | M13: =ROUND($D13*M$7,1) | N13: =ROUND($D13*N$7,1) | O13: =ROUND($D13*O$7,1) | P13: =ROUND($D13*P$7,1)
A14: 6 | C14: =IFERROR(INDEX('วัตถุดิบ'!$B$4:$B$33,MATCH($B14,'วัตถุดิบ'!$A$4:$A$33,0)),"") | E14: =IFERROR(INDEX('วัตถุดิบ'!$E$4:$E$33,MATCH($B14,'วัตถุดิบ'!$A$4:$A$33,0)),0) | F14: Y | G14: =IF($F14="Y",$D14*$E14,0) | H14: =ROUND($D14*H$7,1) | I14: =ROUND($D14*I$7,1) | J14: =ROUND($D14*J$7,1) | K14: =ROUND($D14*K$7,1) | L14: =ROUND($D14*L$7,1) | M14: =ROUND($D14*M$7,1) | N14: =ROUND($D14*N$7,1) | O14: =ROUND($D14*O$7,1) | P14: =ROUND($D14*P$7,1)
A15: 7 | C15: =IFERROR(INDEX('วัตถุดิบ'!$B$4:$B$33,MATCH($B15,'วัตถุดิบ'!$A$4:$A$33,0)),"") | E15: =IFERROR(INDEX('วัตถุดิบ'!$E$4:$E$33,MATCH($B15,'วัตถุดิบ'!$A$4:$A$33,0)),0) | F15: Y | G15: =IF($F15="Y",$D15*$E15,0) | H15: =ROUND($D15*H$7,1) | I15: =ROUND($D15*I$7,1) | J15: =ROUND($D15*J$7,1) | K15: =ROUND($D15*K$7,1) | L15: =ROUND($D15*L$7,1) | M15: =ROUND($D15*M$7,1) | N15: =ROUND($D15*N$7,1) | O15: =ROUND($D15*O$7,1) | P15: =ROUND($D15*P$7,1)
A16: 8 | C16: =IFERROR(INDEX('วัตถุดิบ'!$B$4:$B$33,MATCH($B16,'วัตถุดิบ'!$A$4:$A$33,0)),"") | E16: =IFERROR(INDEX('วัตถุดิบ'!$E$4:$E$33,MATCH($B16,'วัตถุดิบ'!$A$4:$A$33,0)),0) | F16: Y | G16: =IF($F16="Y",$D16*$E16,0) | H16: =ROUND($D16*H$7,1) | I16: =ROUND($D16*I$7,1) | J16: =ROUND($D16*J$7,1) | K16: =ROUND($D16*K$7,1) | L16: =ROUND($D16*L$7,1) | M16: =ROUND($D16*M$7,1) | N16: =ROUND($D16*N$7,1) | O16: =ROUND($D16*O$7,1) | P16: =ROUND($D16*P$7,1)
A17: 9 | C17: =IFERROR(INDEX('วัตถุดิบ'!$B$4:$B$33,MATCH($B17,'วัตถุดิบ'!$A$4:$A$33,0)),"") | E17: =IFERROR(INDEX('วัตถุดิบ'!$E$4:$E$33,MATCH($B17,'วัตถุดิบ'!$A$4:$A$33,0)),0) | F17: Y | G17: =IF($F17="Y",$D17*$E17,0) | H17: =ROUND($D17*H$7,1) | I17: =ROUND($D17*I$7,1) | J17: =ROUND($D17*J$7,1) | K17: =ROUND($D17*K$7,1) | L17: =ROUND($D17*L$7,1) | M17: =ROUND($D17*M$7,1) | N17: =ROUND($D17*N$7,1) | O17: =ROUND($D17*O$7,1) | P17: =ROUND($D17*P$7,1)
A18: 10 | C18: =IFERROR(INDEX('วัตถุดิบ'!$B$4:$B$33,MATCH($B18,'วัตถุดิบ'!$A$4:$A$33,0)),"") | E18: =IFERROR(INDEX('วัตถุดิบ'!$E$4:$E$33,MATCH($B18,'วัตถุดิบ'!$A$4:$A$33,0)),0) | F18: Y | G18: =IF($F18="Y",$D18*$E18,0) | H18: =ROUND($D18*H$7,1) | I18: =ROUND($D18*I$7,1) | J18: =ROUND($D18*J$7,1) | K18: =ROUND($D18*K$7,1) | L18: =ROUND($D18*L$7,1) | M18: =ROUND($D18*M$7,1) | N18: =ROUND($D18*N$7,1) | O18: =ROUND($D18*O$7,1) | P18: =ROUND($D18*P$7,1)
A19: 11 | C19: =IFERROR(INDEX('วัตถุดิบ'!$B$4:$B$33,MATCH($B19,'วัตถุดิบ'!$A$4:$A$33,0)),"") | E19: =IFERROR(INDEX('วัตถุดิบ'!$E$4:$E$33,MATCH($B19,'วัตถุดิบ'!$A$4:$A$33,0)),0) | F19: Y | G19: =IF($F19="Y",$D19*$E19,0) | H19: =ROUND($D19*H$7,1) | I19: =ROUND($D19*I$7,1) | J19: =ROUND($D19*J$7,1) | K19: =ROUND($D19*K$7,1) | L19: =ROUND($D19*L$7,1) | M19: =ROUND($D19*M$7,1) | N19: =ROUND($D19*N$7,1) | O19: =ROUND($D19*O$7,1) | P19: =ROUND($D19*P$7,1)
A20: 12 | C20: =IFERROR(INDEX('วัตถุดิบ'!$B$4:$B$33,MATCH($B20,'วัตถุดิบ'!$A$4:$A$33,0)),"") | E20: =IFERROR(INDEX('วัตถุดิบ'!$E$4:$E$33,MATCH($B20,'วัตถุดิบ'!$A$4:$A$33,0)),0) | F20: Y | G20: =IF($F20="Y",$D20*$E20,0) | H20: =ROUND($D20*H$7,1) | I20: =ROUND($D20*I$7,1) | J20: =ROUND($D20*J$7,1) | K20: =ROUND($D20*K$7,1) | L20: =ROUND($D20*L$7,1) | M20: =ROUND($D20*M$7,1) | N20: =ROUND($D20*N$7,1) | O20: =ROUND($D20*O$7,1) | P20: =ROUND($D20*P$7,1)
A21: 13 | C21: =IFERROR(INDEX('วัตถุดิบ'!$B$4:$B$33,MATCH($B21,'วัตถุดิบ'!$A$4:$A$33,0)),"") | E21: =IFERROR(INDEX('วัตถุดิบ'!$E$4:$E$33,MATCH($B21,'วัตถุดิบ'!$A$4:$A$33,0)),0) | F21: Y | G21: =IF($F21="Y",$D21*$E21,0) | H21: =ROUND($D21*H$7,1) | I21: =ROUND($D21*I$7,1) | J21: =ROUND($D21*J$7,1) | K21: =ROUND($D21*K$7,1) | L21: =ROUND($D21*L$7,1) | M21: =ROUND($D21*M$7,1) | N21: =ROUND($D21*N$7,1) | O21: =ROUND($D21*O$7,1) | P21: =ROUND($D21*P$7,1)
... A26: 18 | C26: =IFERROR(INDEX('วัตถุดิบ'!$B$4:$B$33,MATCH($B26,'วัตถุดิบ'!$A$4:$A$33,0)),"") | E26: =IFERROR(INDEX('วัตถุดิบ'!$E$4:$E$33,MATCH($B26,'วัตถุดิบ'!$A$4:$A$33,0)),0) | F26: Y | G26: =IF($F26="Y",$D26*$E26,0) | H26: =ROUND($D26*H$7,1) | I26: =ROUND($D26*I$7,1) | J26: =ROUND($D26*J$7,1) | K26: =ROUND($D26*K$7,1) | L26: =ROUND($D26*L$7,1) | M26: =ROUND($D26*M$7,1) | N26: =ROUND($D26*N$7,1) | O26: =ROUND($D26*O$7,1) | P26: =ROUND($D26*P$7,1)
B27: รวมต้นทุนวัตถุดิบ (บาท) | G27: =SUM(G9:G26) | H27: =SUMPRODUCT(($F$9:$F$26="Y")*$E$9:$E$26*H$9:H$26) | I27: =SUMPRODUCT(($F$9:$F$26="Y")*$E$9:$E$26*I$9:I$26) | J27: =SUMPRODUCT(($F$9:$F$26="Y")*$E$9:$E$26*J$9:J$26) | K27: =SUMPRODUCT(($F$9:$F$26="Y")*$E$9:$E$26*K$9:K$26) | L27: =SUMPRODUCT(($F$9:$F$26="Y")*$E$9:$E$26*L$9:L$26) | M27: =SUMPRODUCT(($F$9:$F$26="Y")*$E$9:$E$26*M$9:M$26) | N27: =SUMPRODUCT(($F$9:$F$26="Y")*$E$9:$E$26*N$9:N$26) | O27: =SUMPRODUCT(($F$9:$F$26="Y")*$E$9:$E$26*O$9:O$26) | P27: =SUMPRODUCT(($F$9:$F$26="Y")*$E$9:$E$26*P$9:P$26)
B28: จำนวนชิ้นที่ได้ (ชิ้น) | G28: =$C$3 | H28: =ROUND($C$3*H$7,0) | I28: =ROUND($C$3*I$7,0) | J28: =ROUND($C$3*J$7,0) | K28: =ROUND($C$3*K$7,0) | L28: =ROUND($C$3*L$7,0) | M28: =ROUND($C$3*M$7,0) | N28: =ROUND($C$3*N$7,0) | O28: =ROUND($C$3*O$7,0) | P28: =ROUND($C$3*P$7,0)
B29: ต้นทุนวัตถุดิบต่อชิ้น (บาท) | G29: =IFERROR(G27/G28,0) | H29: =IFERROR(H27/H28,0) | I29: =IFERROR(I27/I28,0) | J29: =IFERROR(J27/J28,0) | K29: =IFERROR(K27/K28,0) | L29: =IFERROR(L27/L28,0) | M29: =IFERROR(M27/M28,0) | N29: =IFERROR(N27/N28,0) | ... P29: =IFERROR(P27/P28,0)
A31: แถวที่ 1 เป็นตัวอย่างการกรอก (ลบทิ้งได้) — เลือกชื่อวัตถุดิบจากดรอปดาวน์ในคอลัมน์ B แล้วพิมพ์ปริมาณในคอลัมน์ D เท่านั้น
